{
  "generated_at": "2026-03-28T18:03:09",
  "total_rows": 254616,
  "train_rows": 178008,
  "test_rows": 76608,
  "n_features": 26,
  "feature_columns": [
    "rsi_14",
    "macd",
    "macd_signal",
    "macd_histogram",
    "bb_upper",
    "bb_lower",
    "bb_pct",
    "ema_9",
    "ema_21",
    "ema_50",
    "ema_200",
    "price_above_200dma",
    "atr_14",
    "atr_pct",
    "volume_ratio",
    "volume_surge",
    "sharpe_90d",
    "alpha_90d",
    "adx_14",
    "return_1d",
    "return_3d",
    "return_5d",
    "dist_52w_high",
    "dist_52w_low",
    "price_position_52w",
    "avg_confidence"
  ],
  "label_map": {
    "0": "UP",
    "1": "DOWN",
    "2": "FLAT"
  },
  "models_trained": 4,
  "results": {
    "XGBoost": {
      "accuracy": 0.36082393483709274,
      "f1": 0.31591474792121205
    },
    "LightGBM": {
      "accuracy": 0.3618551587301587,
      "f1": 0.33277700540988253
    },
    "RandomForest": {
      "accuracy": 0.36193347953216376,
      "f1": 0.3202725787845142
    },
    "CatBoost": {
      "accuracy": 0.360562865497076,
      "f1": 0.3132429810715097
    }
  }
}